year,color,variety,bearing_acres,non_bearing_acres,total_acres,tons,price_per_ton_usd,value_usd
2000,white,Chardonnay,13394,2702,16096,69478,1961.84,136305000
2000,white,Chenin Blanc,54,0,54,439,603.92,265000
2000,white,French Colombard,186,0,186,1154,562.10,648700
2000,white,Gewurztraminer,216,0,216,694,1264.72,877300
2000,white,Muscat Blanc,39,0,39,123,1721.77,212300
2000,white,Pinot Blanc,70,0,70,522,1607.08,838700
2000,white,Sauvignon Blanc,1650,448,2098,8781,1395.87,12256437
2000,white,Semillon,161,34,195,797,1444.10,1150659
2000,white,Viognier,189,22,211,497,2140.27,1062858
2000,white,White Riesling,44,0,44,112,1489.36,166808
2000,white,Other Whites,282,318,600,1166,1614.97,1882571
2000,red,Cabernet Franc,523,151,674,2097,2226.53,4668600
2000,red,Cabernet Sauvignon,7328,3688,11016,32772,2417.96,79240400
2000,red,Carignane,196,1,197,766,1391.55,1065400
2000,red,Merlot,6564,1058,7622,31480,2019.29,63566200
2000,red,Meunier,129,17,146,637,2069.27,1318700
2000,red,Napa Gamay,84,0,84,195,1143.58,222500
2000,red,Petite Sirah,280,86,366,1073,2127.81,2284000
2000,red,Petite Verdot,86,77,163,282,2176.29,614000
2000,red,Pinot Noir,4973,3631,8604,17520,2094.39,36692700
2000,red,Sangiovese,281,68,349,1791,1859.57,3331000
2000,red,Syrah-Shiraz,559,371,930,3349,2171.65,7272000
2000,red,Zinfandel,4478,665,5143,13223,2143.10,28337800
2000,red,Other Reds,455,319,774,1844,2036.69,3755200
2001,white,Chardonnay,13358,2400,15758,52853,1908.77,100883900
2001,white,Chenin Blanc,37,0,37,225,661.50,149200
2001,white,French Colombard,143,0,143,795,573.81,456500
2001,white,Gewürztraminer,168,7,176,481,1487.17,715800
2001,white,Muscat Blanc,36,1,37,176,982.19,172700
2001,white,Pinot Blanc,73,24,97,323,1790.41,578400
2001,white,Sauvignon Blanc,1710,399,2109,8267,1509.56,12479100
2001,white,Semillon,185,11,196,667,1604.60,1070500
2001,white,Viognier,198,23,220,474,2171.94,1029500
2001,white,White Riesling,28,0,28,96,1782.15,170400
2001,white,Other Whites,376,363,739,1515,1784.97,2703700
2001,red,Cabernet Franc,503,137,640,2309,2424.10,5597300
2001,red,Cabernet Sauvignon,7937,4018,11955,32194,2698.66,86881500
2001,red,Carignane,182,2,184,587,1529.01,896800
2001,red,Merlot,6414,962,7376,27879,2136.86,59573800
2001,red,Meunier,111,3,114,566,1983.57,1122200
2001,red,Napa Gamay,91,0,91,149,1289.12,192600
2001,red,Petite Sirah,293,90,383,1007,2379.44,2395900
2001,red,Petite Verdot,78,92,171,308,2408.91,743000
2001,red,Pinot Noir,5811,4554,10365,20861,2219.03,46290600
2001,red,Sangiovese,366,70,436,1376,2020.35,2779600
2001,red,Syrah-Shiraz,824,856,1680,4195,2260.98,9483700
2001,red,Zinfandel,4145,885,5030,14287,2456.58,35096500
2001,red,Other Reds,523,180,703,1995,1962.80,3914800
2002,white,Chardonnay,13857,1861,15718,60844,1730.46,105288000
2002,white,Chenin Blanc,37,0,37,200,655.29,131000
2002,white,French Colombard,143,0,143,634,575.25,364800
2002,white,Gewürztraminer,168,9,177,465,1367.46,635900
2002,white,Muscat Blanc,36,1,37,100,1956.13,196200
2002,white,Pinot Blanc,73,34,107,334,1869.08,623600
2002,white,Sauvignon Blanc,1710,519,2229,9612,1524.57,14654100
2002,white,Semillon,185,23,208,786,1752.45,1378200
2002,white,Viognier,198,22,220,606,2162.62,1310600
2002,white,White Riesling,28,0,28,74,2025.30,149700
2002,white,Other Whites,319,440,759,1667,1495.26,2492000
2002,red,Cabernet Franc,560,118,678,1928,2532.25,4881000
2002,red,Cabernet Sauvignon,9018,3125,12143,32258,2694.93,86933400
2002,red,Carignane,188,3,191,499,1562.64,779300
2002,red,Merlot,6698,712,7410,29037,1965.47,57072000
2002,red,Meunier,109,3,112,427,2164.26,923100
2002,red,Napa Gamay,49,0,49,94,1089.40,102300
2002,red,Petite Sirah,313,83,397,1084,2534.18,2746100
2002,red,Petite Verdot,87,86,174,309,2560.45,790700
2002,red,Pinot Noir,6434,3821,10255,19571,2131.66,41718800
2002,red,Sangiovese,386,66,453,1792,2048.31,3670400
2002,red,Syrah-Shiraz,1040,717,1758,5424,2254.26,12228100
2002,red,Zinfandel,4300,828,5128,13385,2494.52,33388200
2002,red,Other Reds,651,832,1483,2011,2436.88,4901300
2003,white,Chardonnay,14605,1136,15741,46825,1574.65,73733500
2003,white,Chenin Blanc,29,0,29,170,650.33,110700
2003,white,French Colombard,101,0,101,359,555.23,199200
2003,white,Gewürztraminer,151,6,158,347,1206.79,418600
2003,white,Muscat Blanc,28,1,29,34,1966.56,66100
2003,white,Pinot Blanc,60,45,105,274,1887.22,517100
2003,white,Sauvignon Blanc,1872,540,2412,9199,1447.83,13318200
2003,white,Semillon,168,16,183,756,1808.88,1367900
2003,white,Viognier,214,15,229,513,1862.18,955900
2003,white,White Riesling,27,7,34,60,2172.63,130200
2003,white,Other Whites,477,196,673,1368,1747.15,2389400
2003,red,Cabernet Franc,612,75,687,1813.20,2580.74,4679400
2003,red,Cabernet Sauvignon,10554,1682,12237,36471.40,2537.94,92562300
2003,red,Carignane,183,3,186,397.50,1718.81,683300
2003,red,Merlot,7027,402,7429,20917.50,1768.89,37000800
2003,red,Meunier,109,13,122,572.60,2060.14,1179700
2003,red,Napa Gamay,42,0,42,51.60,1060.86,54800
2003,red,Petite Sirah,357,55,412,1194.30,2503.94,2990500
2003,red,Petite Verdot,144,31,175,400.10,2676.19,1070800
2003,red,Pinot Noir,8328,1784,10113,18759.10,2011.54,37734700
2003,red,Sangiovese,407,33,440,1374.20,2040.91,2804700
2003,red,Syrah-Shiraz,1359,433,1792,5666.20,2060.09,11672900
2003,red,Zinfandel,4504,607,5111,11561.30,2334.96,26995200
2003,red,Other Reds,816,718,1535,1684.90,2152.29,3626400
2004,white,Chardonnay,13651.2,2000.5,15651.7,53180.3,1576.16,83820700
2004,white,French Colombard,101.1,0.0,101.1,311.2,529.16,164700
2004,white,Gewürztraminer,145.3,14.2,159.5,424.9,1292.17,549100
2004,white,Muscat Blanc,23.8,1.0,24.8,34.3,2170.17,74500
2004,white,Pinot Blanc,45.1,44.9,90.0,360.9,1712.79,618200
2004,white,Pinot Gris,287.4,80.7,368.1,1094.2,1569.08,1716900
2004,white,Sauvignon Blanc,1831.3,710.6,2541.9,7623.4,1423.85,10854600
2004,white,Semillon,165.5,15.6,181.1,538.0,1869.14,1005600
2004,white,Viognier,194.8,27.8,222.6,405.4,1979.50,802500
2004,white,White Riesling,27.4,7.5,34.9,69.4,2017.62,140100
2004,white,Other Whites,199.7,342.4,542.1,677.6,1321.46,824800
2004,red,Cabernet Franc,603.1,87.2,690.2,1692.1,2498.88,4228400
2004,red,Cabernet Sauvignon,10216.0,1910.2,12126.2,30561.3,2397.71,73277200
2004,red,Carignane,185.7,9.1,194.8,418.9,1477.99,619200
2004,red,Malbec,206.5,67.0,273.5,430.5,2419.96,1041800
2004,red,Merlot,6873.0,518.4,7391.4,22855.2,1663.90,38028800
2004,red,Meunier,109.0,14.0,123.0,471.3,1951.39,919700
2004,red,Petite Sirah,356.0,93.0,449.0,1256.0,2445.12,3071100
2004,red,Petite Verdot,134.6,37.1,171.6,444.8,2685.95,1194800
2004,red,Pinot Noir,8061.6,2074.9,10136.5,22672.7,1974.75,44773000
2004,red,Sangiovese,336.1,33.2,369.3,1107.2,2195.35,2430700
2004,red,Syrah-Shiraz,1321.7,497.9,1819.6,5849.8,2041.91,11944800
2004,red,Zinfandel,4429.3,732.6,5161.9,11783.2,2301.63,27120600
2004,red,Other Reds,505.3,734.6,1239.9,1520.2,2557.90,2888400
2005,white,Chardonnay,14409.8,1666.4,16076.1,73824.6,1592.54,117568700
2005,white,French Colombard,97.6,0.0,97.6,292.4,593.99,173700
2005,white,Gewürztraminer,154.8,12.3,167.1,358.9,1369.20,491500
2005,white,Muscat Blanc,19.8,0.0,19.8,57.0,2165.08,123500
2005,white,Pinot Blanc,85.6,19.0,104.6,404.4,1675.19,677500
2005,white,Pinot Gris,359.9,29.2,389.1,1339.5,1607.73,2153600
2005,white,Sauvignon Blanc,2228.6,505.8,2734.3,12708.9,1435.22,18240100
2005,white,Semillon,175.6,15.1,190.7,598.5,1953.64,1169300
2005,white,Viognier,238.9,24.7,263.6,554.7,2099.50,1164600
2005,white,White Riesling,29.0,6.0,35.0,93.1,2045.04,190400
2005,white,Other Whites,269.8,367.3,637.1,734.5,1169.64,859100
2005,red,Cabernet Franc,701.4,64.8,766.2,2318.8,2506.83,5812900
2005,red,Cabernet Sauvignon,11791.6,875.4,12667.0,45577.2,2305.27,105067800
2005,red,Carignane,189.3,8.8,198.1,440.6,1888.61,832200
2005,red,Malbec,249.3,36.1,285.4,731.8,2496.31,1826800
2005,red,Merlot,7137.8,315.6,7453.4,31656.3,1591.72,50388000
2005,red,Meunier,119.0,13.0,132.0,332.2,1991.00,661500
2005,red,Petite Sirah,418.1,63.4,481.5,2125.4,2293.95,4875600
2005,red,Petite Verdot,162.8,18.4,181.2,634.6,2608.88,1655600
2005,red,Pinot Noir,9887.7,1228.9,11116.6,26944.3,2128.99,57364200
2005,red,Sangiovese,318.4,6.8,325.2,1528.5,1797.84,2748000
2005,red,Syrah-Shiraz,1788.7,268.9,2057.6,7959.4,2145.47,17076700
2005,red,Zinfandel,5326.6,504.8,5831.4,17866.5,2306.54,41209800
2005,red,Other Reds,890.6,723.5,1614.0,1827.6,1260.29,2303300
2006,white,Chardonnay,14071.8,1696.4,15768.2,61986.2,1725.98,106987000
2006,white,French Colombard,90.7,0.0,90.7,352.3,550.70,194100
2006,white,Gewürztraminer,152.2,4.9,157.1,458.6,1537.11,705000
2006,white,Muscat Blanc,18.6,0.3,18.9,49.0,2025.60,99300
2006,white,Pinot Blanc,85.6,19.0,104.6,375.9,1641.50,617100
2006,white,Pinot Gris,369.8,83.0,452.8,1813.2,1794.95,3254700
2006,white,Sauvignon Blanc,2143.4,402.1,2545.5,13461.2,1448.86,19503400
2006,white,Semillon,158.4,0.0,158.4,650.0,2049.64,1332300
2006,white,Viognier,250.5,22.2,272.7,629.9,2206.26,1389800
2006,white,White Riesling,29.2,6.0,35.2,82.0,2353.06,193000
2006,white,Other Whites,186.8,43.1,229.9,742.4,1463.90,1086800
2006,red,Cabernet Franc,679.7,59.2,738.9,1664.9,2395.21,3987800
2006,red,Cabernet Sauvignon,11527.2,547.4,12074.6,38410.3,2265.69,87025900
2006,red,Carignane,188.0,1.6,189.6,394.4,1804.52,711800
2006,red,Malbec,241.1,43.3,284.4,1393.0,2483.61,3459700
2006,red,Merlot,6697.4,197.5,6894.9,26015.2,1529.52,39790800
2006,red,Meunier,103.0,3.0,106.0,682.8,2166.97,1479700
2006,red,Petite Sirah,417.3,65.7,483.0,1708.7,2371.27,4051800
2006,red,Petite Verdot,167.9,44.7,212.6,651.2,2677.21,1743400
2006,red,Pinot Noir,9884.7,1146.2,11030.9,38453.8,2507.31,96415600
2006,red,Sangiovese,288.5,6.8,295.3,1275.1,1924.10,2453500
2006,red,Syrah-Shiraz,1804.9,129.1,1934.0,6844.1,2231.25,15270900
2006,red,Zinfandel,5433.0,236.4,5669.4,16683.7,2309.13,38524900
2006,red,Other Reds,517.5,37.3,554.8,1469.6,2110.57,3101700
2007,red,Cabernet Franc,635.6,58.8,694.4,2066.5,2097.15,4333800
2007,red,Cabernet Sauvignon,11405.0,688.7,12093.7,41550.6,2237.73,92979100
2007,red,Carignane,180.5,0.6,181.1,384.6,1861.81,716100
2007,red,Malbec,252.7,77.3,330.0,837.2,2487.87,2082900
2007,red,Merlot,6206.6,211.8,6418.4,21337.4,1452.25,30987300
2007,red,Meunier,114.4,1.5,115.9,416.7,2476.94,1032200
2007,red,Petite Sirah,444.7,101.7,546.4,2320.1,2428.79,5635100
2007,red,Petite Verdot,164.8,52.3,217.1,704.9,2688.20,1895000
2007,red,Pinot Noir,10198.1,1612.3,11810.3,29486.9,2831.16,83482200
2007,red,Sangiovese,275.7,13.9,289.6,937.5,2008.00,1882500
2007,red,Syrah-Shiraz,1749.4,206.0,1955.4,7860.4,2233.46,17555900
2007,red,Zinfandel,5211.9,244.3,5456.2,14591.5,2376.30,34673800
2007,red,Other Reds,483.9,143.7,627.6,1754.6,2986.55,5240200
2007,white,Chardonnay,13950.4,2077.7,16028.1,58433.3,1869.52,109242300
2007,white,French Colombard,80.0,7.6,87.6,434.4,448.72,195000
2007,white,Gewürztraminer,132.3,15.6,147.9,374.9,1570.88,587900
2007,white,Muscat Blanc,19.4,0.3,19.7,73.3,2049.84,150300
2007,white,Pinot Blanc,62.3,0.0,62.3,326.8,1669.65,545700
2007,white,Pinot Gris,401.6,106.4,508.0,1583.4,1853.87,2935500
2007,white,Sauvignon Blanc,2279.1,269.3,2548.4,10893.3,1490.72,16238900
2007,white,Semillon,150.5,1.0,151.5,535.4,1923.61,1030000
2007,white,Viognier,216.3,59.3,275.6,698.4,2238.17,1563200
2007,white,White Riesling,25.9,1.0,26.9,150.3,2183.18,328200
2007,white,Other Whites,221.7,78.8,215.3,781.1,1583.02,1236500
2008,red,Cabernet Franc,638.7,49.9,688.6,1594.8,2338.83,3730000
2008,red,Cabernet Sauvignon,11576.0,678.4,12254.4,31870.8,2321.51,73988400
2008,red,Carignane,181.1,0.0,181.1,327.7,1944.90,637400
2008,red,Malbec,272.0,76.0,348.0,787.6,2550.60,2008900
2008,red,Merlot,5875.6,133.4,6009.0,13298.5,1555.48,20685600
2008,red,Meunier,105.9,4.5,110.4,325.2,2769.47,900700
2008,red,Petite Sirah,466.4,98.1,564.5,1905.9,2535.97,4833400
2008,red,Petite Verdot,174.4,45.1,219.5,650.3,2707.89,1761000
2008,red,Pinot Noir,10293.2,2242.5,12535.7,29441.5,3170.71,93350500
2008,red,Sangiovese,277.6,14.9,292.5,716.8,2226.54,1596000
2008,red,Syrah-Shiraz,1770.6,216.4,1987.0,4789.9,2331.26,11166600
2008,red,Zinfandel,5384.5,237.1,5621.6,12190.6,2485.66,30301700
2008,red,Other Reds,512.7,80.7,593.4,1528.8,1619.83,2476400
2008,white,Chardonnay,14255.9,2140.0,16395.9,53533.1,2016.52,107950600
2008,white,French Colombard,65.3,0.0,65.3,284.8,524.46,149400
2008,white,Gewürztraminer,122.0,21.1,143.1,367.1,1617.10,593700
2008,white,Muscat Blanc,19.3,0.3,19.6,43.6,1967.16,85800
2008,white,Pinot Blanc,62.3,0.0,62.3,254.4,1740.50,442800
2008,white,Pinot Gris,419.4,90.5,509.9,1529.6,1945.49,2975900
2008,white,Sauvignon Blanc,2302.5,334.8,2637.3,11872.8,1510.90,17938700
2008,white,Semillon,150.1,6.2,156.3,370.5,1970.72,730200
2008,white,Viognier,253.2,40.2,293.4,449.1,2360.65,1060200
2008,white,White Riesling,26.9,0.0,26.9,185.0,2164.07,400400
2008,white,Other Whites,225.8,30.1,255.9,673.6,1971.05,1327700
2009,red,Cabernet Franc,657.9,48.8,706.7,1935.6,2358.82,4565800
2009,red,Cabernet Sauvignon,11658.5,730.5,12389.0,41140.6,2280.67,93828200
2009,red,Carignane,182.0,2.8,184.8,464.2,1919.43,891000
2009,red,Malbec,281.8,82.1,363.9,877.9,2491.49,2187300
2009,red,Merlot,5736.9,109.1,5846.0,16506.5,1507.00,24875300
2009,red,Meunier,109.0,15.0,124.0,398.5,3056.21,1217900
2009,red,Petite Sirah,503.9,85.9,589.8,2300.6,2480.13,5705800
2009,red,Petite Verdot,189.0,34.8,223.8,918.9,2778.24,2553000
2009,red,Pinot Noir,10746.2,1988.5,12734.7,31961.2,3043.08,97260500
2009,red,Sangiovese,298.6,11.1,309.7,1210.6,2231.17,2701100
2009,red,Syrah-Shiraz,1816.6,168.5,1985.1,5563.3,2314.65,12877100
2009,red,Zinfandel,5229.7,171.5,5401.2,15637.4,2462.39,38505400
2009,red,Other Reds,527.2,187.6,714.8,1839.7,,6180000
2009,white,Chardonnay,14659.8,2414.9,17074.7,73100.6,1978.18,144606200
2009,white,French Colombard,44.6,0.0,44.6,246.0,524.44,129100
2009,white,Gewürztraminer,122.0,26.2,148.2,385.6,1655.21,638300
2009,white,Muscat Blanc,19.4,0.0,19.4,66.7,2025.48,135100
2009,white,Pinot Blanc,68.6,0.0,68.6,258.3,1741.17,449800
2009,white,Pinot Gris,453.6,80.5,534.1,1921.8,1761.45,3385200
2009,white,Sauvignon Blanc,2248.6,333.9,2582.5,13841.2,1470.89,20358900
2009,white,Semillon,143.6,6.4,150.0,430.6,2357.61,1015200
2009,white,Viognier,261.9,31.2,293.1,720.1,2324.89,1674200
2009,white,White Riesling,30.0,0.0,30.0,238.6,2288.54,546100
2009,white,Other Whites,316.8,71.8,388.6,748.1,,2062800
2010,red,Cabernet Franc,653.9,14.3,668.2,1436.3,2166.55,3111900
2010,red,Cabernet Sauvignon,11549.0,468.3,12017.3,37933.3,2083.96,79051500
2010,red,Carignane,180.3,1.0,181.3,270.4,1949.11,527100
2010,red,Malbec,310.4,69.1,379.5,770.5,2430.83,1873000
2010,red,Merlot,5248.0,55.6,5303.6,17440.9,1297.08,22622300
2010,red,Meunier,108.5,15.0,123.5,406.5,2928.56,1190500
2010,red,Petite Sirah,522.6,37.7,560.3,2085.9,2377.94,4960200
2010,red,Petite Verdot,202.9,9.2,212.1,695.5,2476.49,1722400
2010,red,Pinot Noir,11456.0,675.5,12131.5,29791.3,2825.12,84164000
2010,red,Sangiovese,259.7,48.4,308.1,983.6,2244.09,2207300
2010,red,Syrah-Shiraz,1791.6,51.7,1843.3,4587.6,2030.22,9313900
2010,red,Zinfandel,5055.0,112.5,5167.5,10864.4,2260.27,24556500
2010,red,Other Reds,466.6,48.0,514.6,1214.8,,9416500
2010,white,Chardonnay,15060.0,1263.0,16323.0,66157.4,1845.52,122094900
2010,white,French Colombard,35.6,0.0,35.6,125.1,523.06,65500
2010,white,Gewürztraminer,138.1,5.1,143.2,274.6,1712.28,470200
2010,white,Muscat Blanc,18.0,12.4,30.4,67.1,1941.23,130000
2010,white,Pinot Blanc,46.4,0.0,46.4,237.6,1767.14,419900
2010,white,Pinot Gris,445.5,22.5,468.0,1715.8,1695.78,2909700
2010,white,Sauvignon Blanc,2341.0,183.2,2524.2,13103.3,1317.40,17262300
2010,white,Semillon,133.4,0.0,133.4,440.6,2575.91,1135000
2010,white,Viognier,231.5,2.6,234.1,623.4,2313.36,1442200
2010,white,White Riesling,29.9,2.9,32.8,148.3,2425.53,359800
2010,white,Other Whites,238.4,39.4,277.8,606.8,,4799400
2011,red,Cabernet Franc,655.9,6.7,662.6,1568.6,2209.15,3465300
2011,red,Cabernet Sauvignon,11726.8,291.5,12018.3,33126.8,2111.24,69938700
2011,red,Carignane,615.4,0.0,615.4,373.2,2019.14,753600
2011,red,Malbec,322.4,76.6,399.0,1110.5,2340.51,2599200
2011,red,Merlot,5126.6,23.4,5149.9,14670.5,1380.85,20257800
2011,red,Meunier,108.5,15.0,123.5,301.4,2698.80,813500
2011,red,Petite Sirah,575.0,22.2,597.1,2521.1,2325.25,5862200
2011,red,Petite Verdot,209.2,2.6,211.8,851.7,2461.02,2096100
2011,red,Pinot Noir,11862.6,377.1,12239.7,28350.2,2902.47,82285700
2011,red,Sangiovese,89.5,36.5,126.0,845.2,2204.51,1863300
2011,red,Syrah-Shiraz,1773.1,19.1,1792.3,3614.0,2124.31,7677300
2011,red,Zinfandel,5216.8,81.1,5297.9,13101.0,2357.61,30887100
2011,white,Chardonnay,15424.1,895.2,16319.3,52374.4,1843.94,96575300
2011,white,French Colombard,35.6,0.0,35.6,86.3,519.38,44900
2011,white,Gewürztraminer,135.0,0.0,135.0,220.1,1451.86,319600
2011,white,Muscat Blanc,16.7,0.4,17.0,40.2,2062.50,83000
2011,white,Pinot Blanc,45.1,6.4,51.6,185.8,1730.81,321600
2011,white,Pinot Gris,476.2,1.5,477.7,1422.7,1635.34,2326600
2011,white,Sauvignon Blanc,2425.6,142.4,2568.1,8886.0,1368.74,12162700
2011,white,Semillon,127.4,0.3,127.7,437.0,2298.45,1004500
2011,white,Viognier,241.8,1.5,243.3,361.4,2282.41,824900
2011,white,White Riesling,37.2,0.0,37.2,206.4,1944.56,401400
2012,red,Cabernet Franc,662.3,2.4,664.7,1906.5,2325.46,4433500
2012,red,Cabernet Sauvignon,11904.5,119.4,12023.9,47194.0,2313.56,109186200
2012,red,Carignane,610.4,0.0,610.4,510.6,1879.74,959800
2012,red,Malbec,330.7,68.3,398.9,2469.2,2284.02,5639800
2012,red,Merlot,5137.2,1.0,5138.2,21627.6,1496.57,32367300
2012,red,Meunier,123.5,0.0,123.5,581.2,2735.16,1589700
2012,red,Petite Sirah,587.9,10.5,598.4,3149.1,2424.27,7634300
2012,red,Petite Verdot,210.7,0.6,211.3,1162.6,2669.78,3103900
2012,red,Pinot Noir,12077.5,144.9,12222.4,52793.2,3014.62,159151500
2012,red,Sangiovese,91.0,36.5,127.5,1341.5,2270.04,3045300
2012,red,Syrah-Shiraz,1785.0,4.7,1789.7,5252.2,2148.20,11282800
2012,red,Zinfandel,5243.4,54.2,5297.6,21204.2,2419.54,51304500
2012,white,Chardonnay,15989.4,313.7,16303.1,81581.6,1893.66,154487900
2012,white,French Colombard,35.6,0.0,35.6,116.6,544.74,63600
2012,white,Gewürztraminer,135.0,0.0,135.0,640.0,1543.11,987600
2012,white,Muscat Blanc,16.7,13.0,29.7,101.6,1837.13,186700
2012,white,Pinot Blanc,51.6,1.0,52.6,368.8,1728.41,637500
2012,white,Pinot Gris,476.2,1.5,477.7,2701.0,1661.48,4487700
2012,white,Sauvignon Blanc,2475.9,98.3,2574.2,17159.4,1418.49,24340500
2012,white,Semillon,127.4,0.0,127.4,470.9,2063.69,971800
2012,white,Viognier,244.3,0.0,244.3,843.5,2251.74,1899400
2012,white,White Riesling,32.7,0.0,32.7,363.8,1864.34,678300
2013,red,Cabernet Franc,604.5,13.2,617.7,1917.8,2445.23,4689500
2013,red,Cabernet Sauvignon,11830.3,1070.8,12901.1,44255.8,2462.99,109001600
2013,red,Carignane,579.6,4.0,583.6,506.7,1870.18,947700
2013,red,Malbec,425.7,109.4,535.1,2706.6,2356.19,6377300
2013,red,Merlot,4619.9,27.3,4647.2,18784.5,1607.03,30187300
2013,red,Meunier,91.8,6.6,98.4,716.9,2285.40,1638500
2013,red,Petite Sirah,598.3,83.5,681.8,2856.8,2477.06,7076500
2013,red,Petite Verdot,236.9,30.5,267.4,1120.0,2840.39,3181300
2013,red,Pinot Noir,12539.3,948.1,13487.4,54826.8,3079.99,168866000
2013,red,Sangiovese,195.9,12.7,208.6,1141.1,2383.10,2719400
2013,red,Syrah-Shiraz,1731.9,7.0,1738.9,4835.8,2246.05,10861500
2013,red,Zinfandel,5139.0,159.8,5298.8,20172.3,2444.51,49311400
2013,white,Chardonnay,16045.2,819.3,16864.5,87883.5,1930.28,169639800
2013,white,French Colombard,34.4,0.0,34.4,188.9,629.49,119000
2013,white,Gewürztraminer,127.4,1.0,128.4,571.9,1494.03,854500
2013,white,Muscat Blanc,19.8,2.6,22.4,106.2,1956.71,207900
2013,white,Pinot Blanc,48.3,12.3,60.6,323.6,1265.85,409700
2013,white,Pinot Gris,431.4,4.9,436.3,2789.2,1665.50,4645500
2013,white,Sauvignon Blanc,2449.1,205.7,2654.8,19387.6,1469.84,28496700
2013,white,Semillon,116.8,0.2,117.0,450.4,1781.55,802500
2013,white,Viognier,228.6,7.6,236.2,987.1,2313.99,2284200
2013,white,White Riesling,43.5,0.0,43.5,336.2,1909.52,642000
2014,red,Cabernet Franc,571.8,15.8,587.6,1913.9,2669.35,5108900
2014,red,Cabernet Sauvignon,11689.7,1078.2,12767.9,45772.0,2614.37,119665000
2014,red,Carignane,178.8,1.0,179.8,478.8,1947.37,932500
2014,red,Malbec,491.0,41.8,532.8,2688.9,2427.49,6527300
2014,red,Merlot,4308.6,27.7,4336.2,16989.6,1651.47,28057900
2014,red,Meunier,88.8,6.6,95.4,607.6,2305.57,1400900
2014,red,Petite Sirah,630.1,55.1,685.2,2873.5,2548.12,7322100
2014,red,Petite Verdot,250.0,34.2,284.2,1251.1,2667.28,3337100
2014,red,Pinot Noir,12567.9,1014.4,13582.3,47677.2,3251.49,155022000
2014,red,Sangiovese,210.2,0.0,210.2,1211.9,2352.94,2851600
2014,red,Syrah-Shiraz,1649.5,9.8,1659.3,4642.6,2314.44,10745100
2014,red,Zinfandel,5015.8,112.1,5127.9,15597.2,2543.78,39675900
2014,white,Chardonnay,15607.6,776.8,16384.5,87380.5,1990.38,173920400
2014,white,French Colombard,34.4,0.0,34.4,166.8,601.79,100400
2014,white,Gewürztraminer,124.0,5.5,129.5,443.4,1505.66,667700
2014,white,Muscat Blanc,12.2,3.2,22.4,99.8,2321.27,231700
2014,white,Pinot Blanc,62.8,2.1,64.9,262.3,1551.72,407100
2014,white,Pinot Gris,417.3,4.9,422.2,2269.7,1686.67,3828300
2014,white,Sauvignon Blanc,2438.9,220.9,2659.8,17540.6,1532.51,26881200
2014,white,Semillon,101.0,0.0,101.0,556.1,1839.60,1023100
2014,white,Viognier,229.1,8.1,237.2,967.6,2296.93,2222600
2014,white,White Riesling,35.7,0.0,35.7,283.9,2102.85,597000
2015,red,Cabernet Franc,569.9,34.3,604.1,1357.8,2794.59,3794400
2015,red,Cabernet Sauvignon,11808.8,1014.7,12823.4,32947.3,2724.17,89754100
2015,red,Carignane,162.7,0.0,162.7,305.8,2195.62,671500
2015,red,Grenache,146.4,3.7,150.1,567.4,2901.69,1646500
2015,red,Malbec,540.5,12.9,553.4,1896.3,2636.24,4999200
2015,red,Merlot,4108.2,43.4,4151.6,12031.4,1717.25,20661000
2015,red,Petite Sirah,645.6,50.4,696.0,2347.4,2715.79,6375100
2015,red,Petite Verdot,266.2,25.7,292.0,953.4,2719.87,2593200
2015,red,Pinot Noir,12850.8,750.0,13600.7,30667.2,3525.42,108114800
2015,red,Sangiovese,211.3,0.0,211.3,929.3,2244.27,2085700
2015,red,Syrah-Shiraz,1569.8,15.5,1585.3,2848.1,2525.16,7192000
2015,red,Zinfandel,4988.3,85.1,5073.4,13070.9,2711.07,35436200
2015,white,Chardonnay,15669.8,706.7,16376.4,64208.9,2084.79,133862100
2015,white,Gewürztraminer,113.9,7.1,121.1,202.5,1803.12,365200
2015,white,Muscat Blanc,14.3,1.0,15.3,154.8,2202.96,341100
2015,white,Pinot Blanc,65.0,1.1,66.0,187.6,1825.03,342400
2015,white,Pinot Gris,463.6,8.6,472.2,1363.9,1704.28,2324500
2015,white,Roussanne,29.6,1.0,30.6,91.3,2538.09,235900
2015,white,Sauvignon Blanc,2553.1,179.8,2732.8,12537.1,1611.31,20201200
2015,white,Semillon,102.7,0.0,102.7,376.1,2370.14,891500
2015,white,Viognier,235.7,5.8,241.5,564.1,2371.21,1337600
2015,white,White Riesling,35.7,0.0,35.7,240.6,2145.99,516400
2016,red,Pinot Noir,13343.1,385.2,13728.3,42566.3,3680.50,156665300
2016,red,Cabernet Sauvignon,12456.7,560.0,13016.7,41575.7,2964.60,123255300
2016,red,Zinfandel,5070.5,20.0,5090.5,15287.7,2840.06,43418000
2016,red,Merlot,4115.7,24.6,4140.3,13761.0,1818.10,25018900
2016,red,Syrah - Shiraz,1575.6,13.5,1589.1,3618.1,2596.01,9392600
2016,red,Petite Sirah,694.5,4.2,698.7,3266.3,2797.89,9138700
2016,red,Malbec,551.5,4.7,556.2,2960.5,2629.78,7785500
2016,red,Cabernet Franc,578.5,28.5,607.0,1382.5,2955.14,4085500
2016,red,Petit Verdot,278.3,16.5,294.8,1332.0,2976.71,3965000
2016,red,Sangiovese/Sangioveto,316.9,0.0,316.9,1091.1,2314.48,2525300
2016,red,Grenache,152.7,3.6,156.3,739.7,2995.16,2215500
2016,red,Mataro/Mourvedere,41.6,0.9,42.5,771.5,2119.36,1635100
2016,white,Chardonnay,16078.1,505.5,16583.6,74954.2,2162.97,162123700
2016,white,Sauvignon Blanc,2709.6,144.9,2854.5,16144.4,1687.23,27239300
2016,white,Pinot Gris/Pinot Grigio,472.2,0.0,472.2,1496.3,1744.00,2609500
2016,white,Viognier,236.0,6.2,242.2,545.9,2433.54,1328500
2016,white,Semillon,102.7,0.0,102.7,407.9,2256.90,920600
2016,white,Sauvignon Musque,105.9,3.7,109.5,480.9,1638.37,787900
2016,white,White Riesling/Johannisberg Riesling,63.3,0.0,63.3,317.7,2263.02,719000
2016,white,Pinot Blanc,66.0,0.0,66.0,230.6,2017.30,465200
2016,white,Gewürztraminer,116.4,4.7,121.1,284.2,1599.07,454500
2016,white,Muscat Blanc/Muscat Canelli,15.0,0.0,15.0,165.6,2373.82,393100
2017,red,Cabernet Franc,565.0,35.6,600.6,1382.4,3335.31,4610700
2017,red,Cabernet Sauvignon,12530.9,530.4,13061.3,43157.9,3071.98,132580200
2017,red,Carignane,162.7,0.0,162.7,260.4,2665.76,694200
2017,red,Grenache,153.8,8.0,161.8,854.7,3076.99,2630000
2017,red,Malbec,536.0,11.3,548.3,1700.8,2953.95,5024100
2017,red,Mataro/Mouvedere,41.6,0.9,42.5,158.2,2895.20,458000
2017,red,Merlot,3978.8,22.6,4001.4,11611.1,1922.95,22327400
2017,red,Petite Sirah,688.8,4.2,693.0,2536.3,2905.75,7370000
2017,red,Petit Verdot,284.3,9.9,294.2,915.6,3156.58,2890200
2017,red,Pinot Noir,13414.3,423.8,13838.1,43439.1,3912.46,169953700
2017,red,Sangiovese,316.5,0.0,316.6,916.8,2400.63,2200900
2017,red,Syrah-Shiraz,1571.7,8.5,1580.2,3216.5,2779.67,8940800
2017,red,Zinfandel,4976.9,16.9,4993.9,12874.5,3006.42,38706200
2017,white,Chardonnay,15906.9,353.5,16260.4,61052.3,2335.36,142579100
2017,white,Gewurztraminer,121.1,0.0,121.1,241.7,1868.51,451600
2017,white,Muscat Blanc/Muscat Canelli,15.4,0.0,15.4,131.9,2327.32,307000
2017,white,Pinot Blanc,66.0,0.0,66.0,241.7,2146.29,518800
2017,white,Pinot Gris,468.2,4.0,472.2,1498.8,1804.43,2704500
2017,white,Roussanne,30.6,0.0,30.6,102.1,3260.35,332900
2017,white,Sauvignon Blanc,2645.9,106.0,2751.9,15815.2,1737.25,27475000
2017,white,Semillon,98.7,0.6,99.3,430.9,2138.82,921700
2017,white,Viognier,242.0,0.7,242.7,500.9,2572.92,1288800
2017,white,White Reisling,66.5,0.0,66.5,198.0,2213.34,438200
2018,red,Cabernet Franc,565.0,10.6,575.6,1832.6,3567.17,6537200
2018,red,Cabernet Sauvignon,12505.1,642.3,13147.4,56948.2,3113.75,177322500
2018,red,Carignane,162.7,9.7,172.4,406.9,2654.55,1080100
2018,red,Grenache,150.2,12.1,162.3,929.0,3025.64,2810800
2018,red,Malbec,536.0,9.3,545.3,2695.1,2894.42,7800800
2018,red,Mataro/Mouvedere,40.6,0.9,41.5,216.4,3236.82,700400
2018,red,Merlot,3940.8,10.2,3951.0,15492.0,1961.96,30394700
2018,red,Petite Sirah,685.3,2.0,687.3,2954.5,3088.27,9124300
2018,red,Petit Verdot,284.3,18.6,302.9,1324.8,3336.84,4420600
2018,red,Pinot Noir,13383.6,880.0,14263.6,58005.2,3802.05,220538700
2018,red,Sangiovese,211.4,0.0,211.4,1070.2,2477.26,2651200
2018,red,Syrah-Shiraz,1557.8,3.7,1561.5,3966.9,2773.75,11003200
2018,red,Zinfandel,4946.6,24.4,4971.0,15730.6,3102.26,48800400
2018,white,Chardonnay,15884.5,566.6,16451.1,88311.6,2367.00,209033600
2018,white,Gewürztraminer,121.1,0.0,121.1,258.4,2047.81,529200
2018,white,Muscat Blanc/Muscat Canelli,14.4,0.0,14.4,113.0,2063.11,233100
2018,white,Pinot Blanc,66.0,0.0,66.0,339.4,2145.20,728100
2018,white,Pinot Gris,397.6,4.2,401.8,1670.0,1811.98,3026000
2018,white,Roussanne,30.6,0.0,30.6,124.6,2929.74,365000
2018,white,Sauvignon Blanc,2711.5,46.7,2758.2,18918.0,1793.43,33928100
2018,white,Semillon,92.0,0.6,92.6,477.0,2189.56,1044400
2018,white,Viognier,236.6,1.2,237.8,691.7,2610.02,1805400
2018,white,White Reisling,51.0,0.0,51.0,195.3,2391.29,467000
2019,red,Cabernet Franc,562.0,13.0,575.0,1533.4,3815.93,5851300
2019,red,Cabernet Sauvignon,12082.0,539.0,12621.0,45948.3,3055.93,140414800
2019,red,Carignane,170.0,6.0,176.0,416.5,2591.56,1079400
2019,red,Grenache,183.0,43.0,226.0,806.1,3203.49,2582300
2019,red,Malbec,416.0,22.0,438.0,1863.0,3041.79,5666900
2019,red,Mataro/Mouvedere,63.0,10.0,73.0,182.8,3455.43,631700
2019,red,Merlot,4346.0,47.0,4393.0,12312.3,2000.15,24626400
2019,red,Petite Sirah,635.0,21.0,656.0,2628.3,3154.98,8300000
2019,red,Petit Verdot,249.0,4.0,253.0,1025.0,3403.84,3500000
2019,red,Pinot Noir,12509.0,585.0,13094.0,47178.3,3949.20,186316500
2019,red,Sangiovese,279.0,1.0,280.0,993.4,2576.02,2559000
2019,red,Syrah-Shiraz,1396.0,12.0,1408.0,3334.3,2811.92,9400000
2019,red,Zinfandel,4758.0,50.0,4808.0,14817.7,3143.05,46572800
2019,white,Chardonnay,15462.0,291.0,15753.0,72135.9,2414.28,174156300
2019,white,Gewürztraminer,105.0,0.0,105.0,220.3,1967.57,433500
2019,white,Muscat Blanc/Muscat Canelli,21.0,0.0,21.0,90.1,3110.20,280200
2019,white,Pinot Blanc,82.0,0.0,82.0,297.0,2276.11,676000
2019,white,Pinot Gris,427.0,2.0,429.0,1410.4,1907.19,2689900
2019,white,Roussanne,36.0,1.0,37.0,112.8,2892.79,326300
2019,white,Sauvignon Blanc,2528.0,55.0,2583.0,18074.2,1814.37,32793300
2019,white,Semillon,87.0,4.0,91.0,396.3,2498.42,990100
2019,white,Viognier,217.0,3.0,220.0,524.3,2696.32,1413700
2019,white,White Riesling,47.0,2.0,49.0,224.5,2293.27,514800
2020,red,Cabernet Franc,557.0,29.0,586.0,942.4,3534.95,3331300
2020,red,Cabernet Sauvignon,12089.0,631.0,12720.0,31137.9,2460.15,76603900
2020,red,Carignane,158.0,6.0,164.0,257.9,2447.30,631200
2020,red,Grenache,203.0,58.0,261.0,751.7,2509.56,1886400
2020,red,Malbec,414.0,16.0,430.0,1004.8,2643.18,2655900
2020,red,Mataro/Mouvedere,65.0,8.0,73.0,108.3,2874.98,311400
2020,red,Merlot,4175.0,17.0,4192.0,5652.8,1589.61,8985700
2020,red,Petite Sirah,641.0,42.0,683.0,1622.1,2706.91,4390900
2020,red,Petit Verdot,244.0,7.0,251.0,494.6,3184.33,1575000
2020,red,Pinot Noir,12516.0,497.0,13013.0,29263.7,3146.85,92088500
2020,red,Sangiovese,279.0,4.0,283.0,398.9,2364.77,943300
2020,red,Syrah-Shiraz,1352.0,29.0,1381.0,1581.5,2472.14,3909700
2020,red,Zinfandel,4654.0,105.0,4759.0,8397.0,2624.37,22036800
2020,white,Chardonnay,15030.0,482.0,15512.0,47877.7,2311.46,110667400
2020,white,Gewürztraminer,99.0,0.0,99.0,138.5,2098.65,290700
2020,white,Muscat Blanc/Muscat Canelli,17.0,0.0,17.0,82.5,2544.76,209900
2020,white,Pinot Blanc,84.0,0.0,84.0,132.9,2352.48,312600
2020,white,Pinot Gris,408.0,0.0,408.0,1040.6,1841.05,1915800
2020,white,Roussanne,36.0,0.0,36.0,63.2,2496.12,157800
2020,white,Sauvignon Blanc,2589.0,31.0,2620.0,14124.7,1553.92,21948700
2020,white,Semillon,89.0,6.0,95.0,299.7,2546.39,763200
2020,white,Viognier,215.0,0.0,215.0,320.0,2676.45,856500
2020,white,White Riesling,39.0,2.0,41.0,135.4,2327.10,315100
2021,red,Cabernet Franc,552.0,33.0,585.0,1150.4,3866.85,4448400
2021,red,Cabernet Sauvignon,12293.0,429.0,12722.0,41114.6,2728.69,112189000
2021,red,Carignane,156.0,2.0,158.0,280.7,2633.52,739200
2021,red,Grenache,211.0,55.0,266.0,898.4,3101.70,2786600
2021,red,Malbec,422.0,26.0,448.0,1577.2,3081.97,4860900
2021,red,Mataro/Mouvedere,71.0,11.0,82.0,179.1,3176.28,568900
2021,red,Merlot,4140.0,17.0,4157.0,7828.5,1961.32,15354200
2021,red,Petite Sirah,651.0,26.0,677.0,2163.9,2996.48,6484100
2021,red,Petit Verdot,242.0,6.0,248.0,983.1,3536.74,3477000
2021,red,Pinot Noir,12608.0,265.0,12873.0,48496.5,3512.27,170332800
2021,red,Sangiovese,278.0,4.0,282.0,879.7,2493.41,2193500
2021,red,Syrah-Shiraz,1326.0,34.0,1360.0,2450.6,2871.85,7037800
2021,red,Zinfandel,4613.0,116.0,4729.0,11660.0,3113.73,36306100
2021,white,Chardonnay,15049.0,451.0,15500.0,66833.0,2284.72,152694700
2021,white,Gewürztraminer,99.0,0.0,99.0,197.7,1997.98,395000
2021,white,Muscat Blanc/Muscat Canelli,17.0,0.0,17.0,93.4,2339.75,218500
2021,white,Pinot Blanc,84.0,0.0,84.0,183.5,2114.26,388000
2021,white,Pinot Gris,397.0,0.0,397.0,1157.6,1865.39,2159400
2021,white,Roussanne,36.0,3.0,39.0,75.4,3509.65,264600
2021,white,Sauvignon Blanc,2631.0,55.0,2686.0,13667.0,1730.94,23656800
2021,white,Semillon,95.0,3.0,98.0,322.1,2668.13,859400
2021,white,Viognier,203.0,3.0,206.0,456.1,2669.92,1217800
2021,white,White Riesling,28.0,2.0,30.0,138.3,750.00,103700
2022,red,Cabernet Franc,548.0,55.0,603.0,1282.9,4197.90,5385500
2022,red,Cabernet Sauvignon,12196.0,460.0,12656.0,41694.1,2970.68,123859800
2022,red,Carignane,152.0,3.0,155.0,261.0,2821.04,736300
2022,red,Grenache,226.0,57.0,283.0,858.6,3083.72,2647700
2022,red,Malbec,433.0,19.0,452.0,1494.2,3230.89,4827600
2022,red,Mataro/Mouvedere,72.0,10.0,82.0,202.1,3305.27,668000
2022,red,Merlot,4132.0,19.0,4151.0,6409.7,2117.16,13570400
2022,red,Petite Sirah,663.0,50.0,713.0,2518.1,3229.77,8132900
2022,red,Petit Verdot,241.0,9.0,250.0,1080.2,3817.60,4123800
2022,red,Pinot Noir,12693.0,187.0,12880.0,42550.2,3708.74,157807600
2022,red,Sangiovese,276.0,0.0,276.0,888.6,2607.24,2316800
2022,red,Syrah-Shiraz,1317.0,50.0,1367.0,2516.9,3052.32,7682400
2022,red,Zinfandel,4611.0,117.0,4728.0,10221.1,3345.02,34189800
2022,white,Chardonnay,15016.0,444.0,15460.0,59318.0,2439.57,144710400
2022,white,Gewürztraminer,99.0,1.0,100.0,303.1,2249.22,681700
2022,white,Muscat Blanc/Muscat Canelli,17.0,0.0,17.0,98.8,2271.37,224400
2022,white,Pinot Blanc,84.0,0.0,84.0,198.7,2147.37,426700
2022,white,Pinot Gris,376.0,0.0,376.0,947.2,1739.67,1647800
2022,white,Roussanne,37.0,2.0,39.0,81.9,3368.77,275900
2022,white,Sauvignon Blanc,2728.0,67.0,2795.0,14512.0,1921.43,27883800
2022,white,Semillon,96.0,2.0,98.0,310.5,2907.59,902800
2022,white,Viognier,203.0,2.0,205.0,430.7,2880.90,1240800
2022,white,White Riesling,27.0,2.0,29.0,108.4,3027.31,328200
2023,red,Cabernet Franc,548.0,59.0,607.0,1523.0,4558.35,6942400
2023,red,Cabernet Sauvignon,12284.0,436.0,12720.0,48847.0,3061.44,149542200
2023,red,Carignane,155.0,9.0,164.0,304.3,3056.35,930000
2023,red,Grenache,257.0,26.0,283.0,1576.6,3224.93,5084400
2023,red,Malbec,432.0,17.0,449.0,2050.5,3379.22,6929100
2023,red,Mataro/Mouvedere,75.0,8.0,83.0,231.9,3818.14,885400
2023,red,Merlot,4031.0,24.0,4055.0,9393.9,2206.07,20723600
2023,red,Petite Sirah,680.0,46.0,726.0,3082.2,3271.67,10083900
2023,red,Petit Verdot,245.0,6.0,251.0,1130.1,3884.86,4390300
2023,red,Pinot Noir,13024.0,88.0,13112.0,55159.4,3880.92,214069200
2023,red,Sangiovese,275.0,2.0,277.0,1124.8,2717.34,3056500
2023,red,Syrah-Shiraz,1329.0,32.0,1361.0,2465.6,3306.37,8152200
2023,red,Zinfandel,4611.0,39.0,4650.0,12973.2,3423.89,44418800
2023,white,Chardonnay,15127.0,389.0,15516.0,79239.4,2559.87,202842600
2023,white,Gewürztraminer,97.0,1.0,98.0,200.5,2911.55,583800
2023,white,Muscat Blanc/Muscat Canelli,17.0,0.0,17.0,155.2,2357.42,365900
2023,white,Pinot Blanc,84.0,0.0,84.0,207.4,2231.08,462700
2023,white,Pinot Gris,380.0,0.0,380.0,1086.9,1981.57,2153800
2023,white,Roussanne,37.0,2.0,39.0,87.1,3775.74,328900
2023,white,Sauvignon Blanc,2726.0,102.0,2828.0,17929.0,2054.22,36830100
2023,white,Semillon,99.0,2.0,101.0,384.0,2851.25,1094900
2023,white,Viognier,207.0,0.0,207.0,465.3,3126.04,1454500
2023,white,White Riesling,25.0,2.0,27.0,156.8,3267.16,512300
2024,red,Cabernet Franc,563.0,55.0,618.0,1295.9,4581.97,5937800
2024,red,Cabernet Sauvignon,12373.0,327.0,12700.0,39354.1,2920.71,114941900
2024,red,Carignane,155.0,9.0,164.0,305.2,2889.42,881900
2024,red,Grenache,281.0,6.0,287.0,1125.8,3263.57,3674100
2024,red,Malbec,454.0,9.0,463.0,2095.2,3373.06,7067200
2024,red,Mataro/Mouvedere,80.0,1.0,81.0,229.6,3674.54,843700
2024,red,Merlot,3761.0,16.0,3777.0,8029.6,2202.59,17685900
2024,red,Petite Sirah,693.0,22.0,715.0,2791.6,2943.32,8216600
2024,red,Petit Verdot,238.0,5.0,243.0,1022.2,3853.28,3938800
2024,red,Pinot Noir,12967.0,130.0,13097.0,49562.1,3890.39,192815900
2024,red,Sangiovese,273.0,2.0,275.0,1156.7,2797.51,3235900
2024,red,Syrah-Shiraz,1300.0,21.0,1321.0,2348.1,3347.20,7859600
2024,red,Zinfandel,4600.0,23.0,4623.0,11116.8,3234.32,35955300
2024,white,Chardonnay,14870.0,413.0,15283.0,72594.2,2590.41,188048700
2024,white,Gewürztraminer,95.0,1.0,96.0,197.8,2395.39,473800
2024,white,Muscat Blanc/Muscat Canelli,15.0,0.0,15.0,100.1,2303.71,230600
2024,white,Pinot Blanc,81.0,0.0,81.0,229.4,1841.41,422400
2024,white,Pinot Gris,374.0,0.0,374.0,991.2,1952.36,1953200
2024,white,Roussanne,40.0,0.0,40.0,88.3,3653.43,322600
2024,white,Sauvignon Blanc,2751.0,198.0,2949.0,15853.1,2024.54,32095200
2024,white,Semillon,94.0,1.0,95.0,423.4,2836.90,1201100
2024,white,Viognier,209.0,0.0,209.0,448.5,3229.17,1448300
2024,white,White Riesling,23.0,0.0,23.0,152.7,3362.26,513400
