Timestamp,Winery name,Hi Your role,Date completed,Team member running this interview (leave blank if you are self-completing),"W1. How do this year's total sales and cases sold compare with three years ago, and which moved more?","W2. Over those same three years, what happened to your tasting-room visits and to what an average visitor spends?","W3. How has your wine club changed over three years, in both the number of members and the share who renew each year?","W4. Who buys your wine today, and how is that different from three years ago?","W5. Have you had club members or regular buyers cancel or drift away recently? If so, what did they tell you when they left?","W6. In the last two years, have you changed any prices, run discounts, or changed your tasting fee? For each change, what happened to volume or visits afterward?","W7. What have you tried in the last three years to bring in sales or new customers? For each thing, roughly what did it cost, what happened, and are you still doing it?","W8. For any lesser-known grapes or unusual bottlings you make, how do their sell-through and margin compare with your flagship, and who buys them?","W9. What share of your revenue is direct versus wholesale, how has that share moved over three years, and what happened to total revenue as it shifted?","W10. Which wineries do you notice doing best right now, whatever their size, and what do you see them doing differently?","W11. Since the 2025 crush, have you changed where you get your fruit, bought any grapes on the spot market, or renegotiated contracts?","W12. When customers talk to you about their wine buying, what do they say? Tell me about the last few conversations.","Who else should we talk to? If you can, a name and an introduction helps a lot.",W15. Is there anything else you'd like to tell us that you think is relevant for this project,W14. Have you seen any innovations happen either in the wine making process or in the products,"W13. If you believe there has been a change in demand, what do you think are the main drivers"
2026-07-29 12:47:24.671000,Highway 12,Tasting-room or DTC manager,,Alexa Kornau,"About him: Can provide perspective on tasting roomand working with the company. Numbers he sees is not on distribution end but in winery but experiencing smaller aounts of visits. It fluctuates. Been tehre 4 years and every year their membership continues to grow 1074 club members - which is a trend up. When the clubs run - when people are on the fence /loose a few but then it climbs up again. Where most wineries 

Gregg captures a lot of sales over the phoen for those out of state

Phone outreach and barn 

Their wine maker is outstanding and their wines are very reasonable proced - best bank for the buck and that's what he thinks is getting them so strng

From his contacts he sees that wineries sales are dipping and membership is dipping but doesn't know why for those particlar places

There are some wineries that closed up shop - had great wines but high proces. All the closures happened within the last year","Tasting room visits have been a little bit slower than when he started. But some days are very high. It fluctuates. Have a little bit of a lull. Not seeing a huge dip. Their sales are so strong

He can get back to us with some numbers - typically customers do more than just a tasting - most also buy something or join the club. Overall experience is that they have the experience of great wine at a great price. Had multiple customer - anything from 1-3 cases",As above,"Lots of loyal members. <Most have been with them for a long time and getting new ones. Who buys our wine: distribution in costco for over 20 years. Even though giving away margin it's great exposiure

average client 50+ - long term older people

Heard that younger people not drinking wine today and that's also what he sees","Loose members because of health reasons, medication they are on, serious health event, some moved to places where they don't deliver - Canada or UK but for the most part it's people that they are getting too much. Not usually if they were disappointed with the winery or the wine itself. He hears a lot that members cancelled other clubs because the average bottle proce is higher but they don't cancel them because of teh value",Specials on a monthly basis - sometimes an in house special - need to come into the atsting room within an 100m radius on a monthly basis that is done by management. Also special projects. - selling futures of cap frank over the phone with a special discount and they get a lot of referrals too. Doing that a lot now than when he first started - that's probably one of the reasons. When they send an email with the discounted price they get the discounted price. Sometimes complimentary shipping,"Doing a lot more marketing direct to the consumer. When he first started not doing any phone marketing and weren't doing an email marketing and doing a lot of that now and it's increased sales 

Email campaign - the emails don't cost anything but the employee. doing any type of outreach is covered by the marketing person

When he does phoen sales he gets hourly and commission. But the outside marketing companyw as a lot more expensive. Taken it in house and that is significantly cheaper

They had started using vinorpo around covid 

A lot of club members had points and many didn't even know. once the owner saw that he could move wine over the phome and started an active campaign with Gregg to do more phone work and he created a new club (communal club) that put the customer in control of what type of wine came to them

Used to have 2 tasting rooms Highway 12 and Highway man - had a club at each one. The winery picked the wine they just sleected it for you (never white wine) trailblizer label only from Highway men club wines which is only a 5th. With the communal they can pick from the whole portfolio and you can reduce shipping by adding more bottles (6 bottles half shipping), 12 bottles no shipping","They sell wine, wine skins for those travel - really only wine and wine accesories. Don't have lot of space for retail - people are always looking for shirts or other accessories","He knows what they send out to restaurant sand liquor stores and wholesale is more than direct. Usually have 3 bottle sof wine at costco, also a special label at grovcery outlet, also have a label at wine roads that goes to stores. Without knowing the exact numbers he would say a significant volume goes to wholesale. Their numbers are trending up as part of overall sales. And part of that is his activity on reaching out to club members

The atsting room is where 

They source their fruit - they make all of their fruit (michael sebastiani is in charge) they don't buy any fruit from anywerhe else. Has great contracts because he's been arund for so long","2 that he thinks are doing well: 3 sticks (always full, difficult to get a reservation)

Donnum is doing well also",Don't know. Knows they have strong relationships,consistent: love the wine and can't believe the pricing. Very happy with quality and price of wine,There are some but he would have to ask in advance - memebrs of the gallow family ( largest winery in the world) and several wineries and tasting rooms. Prob better to get info from an owner than employee. He will call them,Creating the new club has been exceptional in creating new membership as it broke down barriers to entry.,Some wineries are experimenting with low alcohol wine. A winery that was making their wine carbonated (carbonated wine - like a seltzer) - there has been a push for lower alcohol wines. They are being consistent at great wine at a great price,"Overall average customer is older. Wine is not inexpensive. A lot of younger people aren't making a lot of income aren't spending a lot of money on wine - they drink the seltzers, the spritzers and also the legalization of marijuana could also be competing. People use it ofr various reasons. Wine has been around for a long time. Experiencing a little bump at the oment but nothing pairs better with a meal.

A lot of wineries have increased their tasting pricing - so charging too much for the wine and the visit they may be shooting themselves in the foot. Wine tasting used to be complimentary and now it crept going up in prices. Could be self inflicted"
2026-08-05 14:41:49.934000,Gallo,Finance - Director of sales finance of the western area - whole west and south,,Alexa Kornau,"Things are definitely declining - 2021 and 2022 were post covid peak. Everything was quite inflated and things have been declining. (gallo sells, Wine Spirits and high noon and an little bit in beer) Exception to that has been - spirits has been flat and declined this year, ready to drink has been the only category that's been growing. Wine and beer down. High noon is Gallo's  single serve that's popping but there's also buzzball and others that are comparable non Gallo. The story is that there is a lot of switching in addition tod elines","Gallo has luxury portfolio - napa - rambauer and luis martini, sonoma (J-vineyars). They are definitely down. Her guess pretty dramatically down","Varies across the portfolio.On Lux side have made some changes to the tasting room - what is enough to bring in visitors and what are expensive things that don't move the needle. Like do you need a really fancy tasting menu. Also tried other more epxeriential tactics. Rambauer was really good at developing really strong community with wine club members and had less expensive but successful tactics. Sales teams go out - if they weren't entertaining shops/buyers, they would invite wine club memebrs which created a really strong membership. Help make the product relevant for people. Lot's of partnerhips - celbrity backed brands, pure sports partnership, NFL sponsored by barefoot. Can you treat wine brands as you would historically treat beer or coca cola - making it more engrained in culture. More targeting on Gen-Z not drinking (Legal Drinking Age) - chow to connect to those communities - innovation to target those people.","Gen-Z not drinking, appealing to other underserved populations like (gallo found a lot of success with high noon) but no hard seltzers that speak to hispanics. Launched bran called VMC - he partners in and is crushing it - mexican inspired flavors. Very typical wine and spirits label and feeling that wine is hotey totey that is not welcoming to screwtop rose and put ice cubes in it. So more accessible and less barrier to entry. Wine is a few places in the store which is very owerwhelming in the shop. Tetra, beat boxes - a big Genz-wine cooler. Wine based but fruit punch flavors. is growing a ton. canned wine was big for a minute. People didn't like the taste/ feel of wine in can and then you accidentally dirnk half a bottle of wine. Single serve opportunity has not yet been solved and Gallo is betting on those. Going to the movie theatre or sports area. Gallo has acquired a few brands that have been created by Gen-Z (winey baby) - the packaging is approachable and getting rid of the stereotype that it's hotey totey. Sometimes better to lean into the people that are already in that category. Sozu is another big categories among gen Z. Would drink that instead of vodka before going out","wine clubs are primarily boomers and you have that generation larger health consciousness and GLP-1s is a major factor for people drinking less and the economics (inflation) - unde rpressure to buy grocieries that they want rather than a wine club. And the cost of visiting - walk in and spend 20 on a tasting and now the average hotel price is really high tasting proces. And if you don't live in california it's just very. Virginia wine country, texas those didn't exist before",Historically if you look at CPI data - beer gioes up. After covid with all the supply chain issues. Gallo would have way more efficient supply chain than many of the small wineries. Can't absorb the price anymore. Massive glut of wine supply. Not all vineries own vineyards - so you plant what you think the demand will be 5-7 years up front. Things were booming. there is so much excess wine out there. One of the biggest distributors just went out of business and there are so many wineries that are then owed 100s of thousands of dollars that will now go out of business because of that. Arematic blonds are actually still doing well but the heavy red wine - those are still growing 9sancerr - lower ABV aeromatic whites is the area that is doing well,,,,,They always evaluate where they buy their wine they own some and then buy. Some lower value brands are also making better fruit,,,Silicon Valley Banks Wine report is a good resource. Gallup has studies on consumption. SBV just does good research on wine. IWSR international that put out good reports - maybe some are free and if there are any that are of interest she can pull for us if they cost something,,
