interview_id,org,interview_date,ran_by,E1,E2,E3,E4,E5,E6,E7,E8,SNOW
WM-2026-07-24,The Wine Mine,2026-07-24,"Allison Leow, Alexa Kornau",,"Had been selling 15, now more 20-25 but they also see that people want to offset that
With Tarriffs been all over the map how different distributors and wineries have been dealing with it. Fuel surcharges, line item tarriff on an invoice is also something. Ratcheting up the MRSP - any chase that was 100 is not 120 kind of thing","Haven't seen any. Closest they've come is having a wine maker or sales rep fpr a winery come in and really dig into. For example Sake, recently tasted that. We usually flag the wines that they for tastings then those usually sell out. Don't get a lot of targeted marketing stuff. More national newsletters that do that. How have themarketing efforts changed at wine mine - dipping toe in water with uber eats. Don't know how the sales are going on that. Still foguring out what they want to do with that. It feels like they could show something like recent satursday tastings - more task oriented rather than type of wine. as that gets tricky fast. Classifications can go wrong.  Categories they've been playing around with: this is what we tasted last sat, this is what we do this week. Sometimes themes, rose tastings in the summer etc. A lot of their inventory is online and it's not easy to maintain but figuring out ways to do that that would be useful to people and not drive them crazy","Almost always they are intro'd through sales rep or distributor or somewhere between those lines. Sometimes also purchase directly from small local wineries where it is not as honourus to throw 10 cases into the jeep and bring them over. Usually it's sales reps however. First they taste the wine and check whther it is good. When would they charge us, when ould we list this. In theor 30s we have to get really picky - it's difficutl for them re-sell/ limited shelf space for anything above 30 (resell value).",,,,,"Chuck will think about it - lots of people have shifted to sierra foothills and Lodi ad
He will take a"
OH-2026-07-27,OneHope,2026-07-27,"unknown, confirm","Membership is what
Any contracted is what we have at the winery
There is a lot of juice on the market right now","Price tiers:
Have wines 20 dollar range to the 1k range
Volume:
Bulk: 60% low to medium
40% high tier wines",,"Website more based off of trends
Low to medium tier is based off of trends
Top 10 wines in that channel are the top 10 of the past 10 years",,,,,"She will ask Jake - send her an email and he can connect us with someone
Drygood vendor - makes all the capsules and corks
They would really see the hit
Synopsis of what I want"
